-- phpMyAdmin SQL Dump
-- version 4.3.11
-- http://www.phpmyadmin.net
--
-- Host: 127.0.0.1
-- Generation Time: Aug 11, 2015 at 05:56 AM
-- Server version: 5.6.24
-- PHP Version: 5.6.8

SET SQL_MODE = "NO_AUTO_VALUE_ON_ZERO";
SET time_zone = "+00:00";


/*!40101 SET @OLD_CHARACTER_SET_CLIENT=@@CHARACTER_SET_CLIENT */;
/*!40101 SET @OLD_CHARACTER_SET_RESULTS=@@CHARACTER_SET_RESULTS */;
/*!40101 SET @OLD_COLLATION_CONNECTION=@@COLLATION_CONNECTION */;
/*!40101 SET NAMES utf8 */;

--
-- Database: `dashboard_b_2`
--

-- --------------------------------------------------------

--
-- Table structure for table `tb_cc`
--

CREATE TABLE IF NOT EXISTS `tb_cc` (
  `id_cc` int(11) NOT NULL,
  `name_cc` varchar(100) NOT NULL
) ENGINE=InnoDB DEFAULT CHARSET=latin1;

--
-- Dumping data for table `tb_cc`
--

INSERT INTO `tb_cc` (`id_cc`, `name_cc`) VALUES
(2000051, 'ADIRA QUANTUM MULTI FINANCE'),
(2000052, 'BATAVIA PROSPERINDO FINANCE'),
(2909673, 'ASURANSI JASA INDONESIA PT'),
(2910016, 'BANK CENTRATAMA NASIONAL'),
(2910037, 'DEUTSCHE BANK'),
(2910730, 'ASURANSI JASA TANIA'),
(2912193, 'RELIANCE SECURITIES'),
(2912548, 'ASTRA SEDAYA FINANCE PT'),
(2912592, 'BUSSAN AUTO FINANCE'),
(2912664, 'BANK NUSANTARA PARAHIYANGAN'),
(2912709, 'ADIRA DINAMIKA MULTI FINANCE PT'),
(2912802, 'FINANSIA MULTI FINANCE'),
(2912953, 'DIPO STAR FINANCE PT'),
(2913365, 'BANK JATIM'),
(2913539, 'BANK ANTAR DAERAH'),
(2914089, 'BANK BTPN'),
(2914111, 'BANK INTERNASIONAL INDONESIA'),
(2914243, 'BUNAS FINANCE INDONESIA PT'),
(2914424, 'BANK CHINATRUST INDONESIA'),
(2914587, 'BANK EKONOMI RAHARJA'),
(2914616, 'BANK DKI'),
(2915237, 'BANK PANIN'),
(2915426, 'ASURANSI DAYIN MITRA'),
(2916299, 'BANK OCBC NISP'),
(2916478, 'BANK MASPION INDONESIA'),
(2916784, 'BANK HARDA INTERNASIONAL'),
(2916796, 'BANK HIMPUNAN SAUDARA (BANK SAUDARA)'),
(2916804, 'BANK SBI INDONESIA'),
(2916839, 'BANK JABAR BANTEN'),
(2916849, 'BANK KESAWAN PT'),
(2917113, 'BANK ICBC INDONESIA'),
(2917169, 'THE HONGKONG BANK (HSBC)'),
(2917690, 'STANDARD CHARTERED BANK'),
(2920596, 'PRIMA MASTER BANK'),
(2921331, 'ASURANSI TRI PAKARTA'),
(2955654, 'TRIMEGAH SECURITIES TBK PT'),
(2964288, 'CIMB NIAGA'),
(2964621, 'ASURANSI ASTRA BUANA'),
(3013819, 'COLUMBIA'),
(3014093, 'DANA REKSA'),
(3033766, 'THE BANK OF TOKYO-MITSUBISHI LTD'),
(3033772, 'JP MORGAN CHASE BANK'),
(3059832, 'TRIHAMAS FINANCE'),
(3061282, 'FEDERAL INTERNATIONAL FINANCE (FIF)'),
(3137851, 'CITIBANK NA'),
(3150709, 'SUMMIT OTO FINANCE'),
(3158310, 'PT PARA MULTI FINANCE'),
(3204440, 'ARTHAASIA FINANCE'),
(3431535, 'ASURANSI BINTANG PT'),
(3559375, 'BANK MUAMALAT INDONESIA'),
(3559759, 'MULTINDO AUTO FINANCE'),
(3929251, 'BANK UOB BUANA'),
(3929563, 'BANK JATENG'),
(3938193, 'PEGADAIAN PT'),
(4444464, 'JAMINAN KREDIT INDONESIA PERUM'),
(4444465, 'BAHANA PUI PT'),
(4444466, 'REASURANSI UMUM INDONESIA PT'),
(4444467, 'PERURI PERUM'),
(4444468, 'PERUSAHAAN PENGELOLA ASET PT'),
(4444469, 'KLIRING BERJANGKA INDONESIA PT'),
(4708005, 'PANN PT'),
(4709270, 'BEI (BURSA EFEK INDONESIA)'),
(4709723, 'PT.PANIN INSURANCE'),
(4709873, 'CIMB NIAGA AUTO FINANCE'),
(5497420, 'BANK PEMBANGUNAN DAERAH ACEH'),
(5497426, 'BANK PEMBANGUNAN DAERAH SUMATERA BARAT (BANK NAGAR'),
(5497435, 'BANK MESTIKA DHARMA'),
(5556830, 'BANK DANAMON INDONESIA TBK'),
(5569106, 'BANK KALTIM'),
(5569112, 'BANK KALBAR'),
(5569113, 'BANK KALSEL'),
(5569120, 'BANK KALTENG'),
(5569122, 'BANK PEMBANGUNAN DAERAH RIAU'),
(5569156, 'BANK PEMBANGUNAN DAERAH SUMATERA UTARA (BANK SUMUT'),
(5569161, 'BPD SUMATERA SELATAN (BANK SUMSEL)'),
(5569641, 'BANK PEMBANGUNAN DAERAH SULUT'),
(5583629, 'PERMODALAN NASIONAL MADANI PT'),
(5584519, 'PT BANK DBS INDONESIA'),
(5584534, 'PT PRATAMA INTERDANA FINANCE'),
(5586794, 'WOM FINANCE'),
(5586843, 'BANK PEMBANGUNAN DAERAH BALI'),
(5586844, 'BANK PEMBANGUNAN DAERAH LAMPUNG'),
(5586845, 'BANK PEMBANGUNAN DAERAH MALUKU'),
(5586846, 'BANK PEMBANGUNAN DAERAH PAPUA'),
(5586847, 'BANK PEMBANGUNAN DAERAH SULSEL'),
(5586912, 'ARMADA FINANCE'),
(5586925, 'BANK PEMBANGUNAN DAERAH BENGKULU'),
(5586926, 'BANK PEMBANGUNAN DAERAH NTB'),
(5586927, 'BANK PEMBANGUNAN DAERAH SULTENG'),
(5586928, 'BANK PEMBANGUNAN DAERAH SULTRA'),
(5587301, 'ASURANSI RAMAYANA PT'),
(5587309, 'BANK BPD DIY'),
(5587425, 'MANDALA MULTI FINANCE'),
(5587535, 'BANK PEMBANGUNAN DAERAH JAMBI'),
(5587561, 'BANK RESONA PERDANIA'),
(5587876, 'VALBURY ASIA'),
(5588442, 'MPM FINANCE'),
(5588713, 'INTERNUSA TRIBUANA CITRA FINANCE'),
(5589461, 'BANK PEMBANGUNAN DAERAH NTT'),
(5589910, 'ASURANSI INDRAPURA'),
(5589985, 'SMS FINANCE'),
(5590328, 'BANK COMMONWEALTH'),
(5590355, 'PT RABOBANK INTERNATIONAL INDONESIA'),
(5590442, 'BANK  MUTIARA'),
(5590639, 'PT EQUITY DEVELOPMENT INVESTMENT, TBK.'),
(5590656, 'HANA BANK'),
(5590720, 'BANK FAMA'),
(5590740, 'SUZUKI FINANCE INDONESIA'),
(5591000, 'BANK SINAR HARAPAN'),
(5591187, 'CLIPAN FINANCE INDONESIA'),
(5592934, 'PT MEGA CENTRAL FINANCE'),
(55894015, 'BANK ANZ INDONESIA'),
(55894026, 'ASURANSI BINA DANA ARTA'),
(55894027, 'ASURANSI ADI SARANA WANNA ARTHA'),
(55894028, 'ASURANSI ADIRA DINAMIKA'),
(55894029, 'ASURANSI MULTI ARTHA GUNA'),
(55894030, 'ASURANSI TUGU PRATAMA INDONESIA'),
(55894032, 'ASURANSI KREDIT INDONESIA'),
(55894033, 'ASURANSI JAYA PROTEKSI'),
(55894034, 'ASURANSI WAHANA TATA'),
(55894035, 'ASURANSI EKSPOR INDONESIA'),
(55894036, 'ASURANSI TOKIO MARINE INDONESIA');

-- --------------------------------------------------------

--
-- Table structure for table `tb_lop`
--

CREATE TABLE IF NOT EXISTS `tb_lop` (
  `id_lop` int(11) NOT NULL,
  `id_cc` int(11) NOT NULL,
  `id_pj_am` int(11) NOT NULL,
  `id_project` int(11) NOT NULL,
  `ket_project` varchar(100) NOT NULL,
  `month` varchar(100) NOT NULL,
  `value_lop` bigint(20) NOT NULL,
  `recurring` bigint(20) NOT NULL,
  `otc` bigint(20) NOT NULL,
  `total_revenue` bigint(20) NOT NULL,
  `id_stat` int(11) NOT NULL
) ENGINE=InnoDB AUTO_INCREMENT=1461 DEFAULT CHARSET=latin1;

--
-- Dumping data for table `tb_lop`
--

INSERT INTO `tb_lop` (`id_lop`, `id_cc`, `id_pj_am`, `id_project`, `ket_project`, `month`, `value_lop`, `recurring`, `otc`, `total_revenue`, `id_stat`) VALUES
(1, 55894015, 3, 122, '', 'May', 6840000000, 570000000, 0, 570000000, 1),
(31, 55894028, 5, 76, '', 'June', 180000000, 30000000, 0, 30000000, 6),
(32, 55894028, 5, 92, '', 'July', 1550000000, 300000000, 50000000, 350000000, 6),
(33, 55894028, 5, 142, '', 'June', 300000000, 50000000, 0, 50000000, 6),
(34, 5584519, 5, 142, '', 'June', 3150000000, 500000000, 150000000, 650000000, 6),
(35, 5584519, 5, 28, '', 'August', 800000000, 200000000, 0, 200000000, 6),
(36, 5584519, 5, 66, '', 'August', 1300000000, 300000000, 100000000, 400000000, 6),
(37, 5584519, 5, 43, '', 'August', 3000000000, 0, 3000000000, 3000000000, 6),
(38, 5584519, 5, 122, '', 'June', 660000000, 110000000, 0, 110000000, 6),
(39, 5584519, 5, 76, '', 'June', 300000000, 50000000, 0, 50000000, 6),
(40, 5586794, 6, 29, '', 'June', 250000000, 35000000, 40000000, 75000000, 6),
(41, 5586794, 6, 6, '', 'May', 1000000000, 120000000, 160000000, 280000000, 6),
(42, 5586794, 6, 96, '', 'June', 750000000, 125000000, 0, 125000000, 6),
(43, 5590740, 6, 86, '', 'June', 718200000, 119700000, 0, 119700000, 8),
(44, 5590740, 6, 17, '', 'June', 540000000, 90000000, 0, 90000000, 8),
(45, 5590740, 6, 43, '', 'July', 450000000, 90000000, 0, 90000000, 8),
(46, 5587301, 6, 31, '', 'April', 160000000, 20000000, 0, 20000000, 8),
(47, 5587301, 6, 76, '', 'April', 13600000, 1700000, 0, 1700000, 8),
(48, 5587301, 6, 119, '', 'April', 240000000, 30000000, 0, 30000000, 8),
(49, 3431535, 6, 86, '', 'June', 252000000, 42000000, 0, 42000000, 8),
(50, 3431535, 6, 36, '', 'June', 335000000, 55000000, 5000000, 60000000, 8),
(51, 5587301, 6, 36, '', 'June', 335000000, 55000000, 5000000, 60000000, 8),
(52, 5592934, 1, 36, '', 'June', 330000000, 55000000, 0, 55000000, 8),
(53, 5592934, 1, 17, '', 'June', 300000000, 50000000, 0, 50000000, 8),
(54, 5592934, 1, 96, '', 'June', 270000000, 45000000, 0, 45000000, 8),
(55, 4444467, 6, 115, '', 'June', 7700000000, 0, 7700000000, 7700000000, 8),
(56, 4444467, 6, 64, '', 'June', 2500000000, 0, 2500000000, 2500000000, 8),
(57, 4444467, 6, 112, '', 'September', 1700000000, 0, 1700000000, 1700000000, 8),
(58, 4444467, 6, 117, '', 'December', 2500000000, 0, 2500000000, 2500000000, 8),
(59, 4444467, 6, 43, '', 'June', 240000000, 40000000, 0, 40000000, 9),
(60, 3559375, 6, 127, '', 'May', 266250000, 37500000, 3750000, 41250000, 9),
(61, 3559375, 6, 67, '', 'July', 666000000, 120000000, 66000000, 186000000, 9),
(62, 3559375, 6, 96, '', 'April', 1016000000, 127000000, 0, 127000000, 9),
(63, 3559375, 6, 142, '', 'May', 980000000, 140000000, 0, 140000000, 9),
(64, 3559375, 6, 88, '', 'May', 84000000, 12000000, 0, 12000000, 9),
(65, 3559375, 6, 14, '', 'April', 134500000, 16500000, 2500000, 19000000, 9),
(66, 3559375, 6, 46, '', 'August', 805000000, 195000000, 25000000, 220000000, 9),
(67, 3559375, 6, 125, '', 'June', 900000000, 150000000, 0, 150000000, 9),
(68, 3559375, 6, 130, '', 'August', 125000000, 0, 125000000, 125000000, 9),
(69, 3559375, 6, 36, '', 'September', 1500000000, 500000000, 0, 500000000, 9),
(70, 3559375, 6, 144, '', 'June', 168000000, 27500000, 3000000, 30500000, 9),
(71, 3559375, 6, 144, '', 'July', 387500000, 63500000, 70000000, 133500000, 9),
(72, 3559375, 6, 31, '', 'April', 180000000, 22500000, 0, 22500000, 9),
(73, 3559375, 6, 96, '', 'May', 1330000000, 190000000, 0, 190000000, 9),
(74, 4444468, 6, 31, '', 'May', 105000000, 15000000, 0, 15000000, 9),
(75, 4444468, 6, 44, '', 'June', 550000000, 90000000, 10000000, 100000000, 9),
(76, 4444468, 6, 142, '', 'June', 650000000, 100000000, 50000000, 150000000, 9),
(77, 4444468, 6, 96, '', 'June', 456000000, 76000000, 0, 76000000, 9),
(78, 55894033, 6, 31, '', 'May', 105000000, 15000000, 0, 15000000, 9),
(79, 55894033, 6, 44, '', 'June', 550000000, 90000000, 10000000, 100000000, 9),
(80, 55894033, 6, 142, '', 'May', 750000000, 100000000, 50000000, 150000000, 9),
(81, 55894033, 6, 96, '', 'June', 360000000, 60000000, 0, 60000000, 9),
(82, 2912709, 2, 12, '', 'May', 2000000000, 25000000, 1800000000, 1825000000, 9),
(83, 2912709, 2, 123, '', 'June', 700000000, 100000000, 0, 100000000, 9),
(84, 2912709, 2, 41, '', 'May', 2800000000, 350000000, 0, 350000000, 9),
(85, 2912709, 2, 52, '', 'October', 3000000000, 1000000000, 0, 1000000000, 9),
(86, 2912709, 2, 44, '', 'March', 200000000, 20000000, 0, 20000000, 9),
(87, 2912709, 2, 23, '', 'July', 1240000000, 200000000, 40000000, 240000000, 9),
(88, 2912709, 2, 76, '', 'July', 2300000000, 50000000, 2000000000, 2050000000, 9),
(89, 2912709, 2, 147, '', 'July', 1400000000, 200000000, 200000000, 400000000, 9),
(90, 2912592, 2, 41, '', 'June', 980000000, 140000000, 0, 140000000, 9),
(91, 2912592, 2, 52, '', 'August', 2000000000, 400000000, 0, 400000000, 9),
(92, 2912592, 2, 123, '', 'July', 600000000, 100000000, 0, 100000000, 9),
(93, 3033772, 2, 98, '', 'March', 105000000, 10000000, 5000000, 15000000, 9),
(94, 3033772, 2, 23, '', 'October', 800000000, 250000000, 50000000, 300000000, 9),
(95, 2000051, 2, 42, '', 'August', 700000000, 140000000, 0, 140000000, 9),
(96, 2000051, 2, 123, '', 'June', 3500000000, 500000000, 0, 500000000, 9),
(97, 2000051, 2, 52, '', 'July', 1200000000, 200000000, 0, 200000000, 9),
(98, 2916849, 2, 98, '', 'May', 1450000000, 150000000, 250000000, 400000000, 9),
(99, 2916849, 2, 88, '', 'June', 825000000, 100000000, 125000000, 225000000, 9),
(100, 2916849, 2, 23, '', 'July', 325000000, 50000000, 25000000, 75000000, 9),
(101, 55894026, 2, 98, '', 'May', 480000000, 60000000, 0, 60000000, 9),
(102, 2000052, 2, 98, '', 'May', 624000000, 78000000, 0, 78000000, 9),
(103, 2000052, 2, 14, '', 'March', 72500000, 7250000, 0, 7250000, 9),
(104, 2915426, 10, 120, '', 'April', 88600000, 6800000, 7000000, 13800000, 9),
(105, 2915426, 10, 43, '', 'August', 300000000, 25000000, 0, 25000000, 9),
(106, 2915426, 10, 8, '', 'August', 300000000, 0, 300000000, 300000000, 9),
(107, 2915426, 10, 12, '', 'November', 5000000000, 0, 5000000000, 5000000000, 9),
(108, 2915426, 10, 140, '', 'November', 1000000000, 0, 1000000000, 1000000000, 9),
(109, 2910730, 10, 43, '', 'August', 300000000, 25000000, 0, 25000000, 9),
(110, 2910730, 10, 17, '', 'August', 480000000, 40000000, 0, 40000000, 9),
(111, 2921331, 10, 36, '', 'July', 300000000, 25000000, 0, 25000000, 9),
(112, 2921331, 10, 3, '', 'August', 510000000, 40000000, 30000000, 70000000, 9),
(113, 2921331, 10, 140, '', 'November', 1000000000, 0, 1000000000, 1000000000, 9),
(114, 2921331, 10, 43, '', 'August', 300000000, 25000000, 0, 25000000, 9),
(115, 2921331, 10, 17, '', 'October', 480000000, 40000000, 0, 40000000, 9),
(116, 55894034, 10, 124, '', 'April', 24000000, 2000000, 0, 2000000, 9),
(117, 55894034, 10, 24, '', 'June', 60000000, 5000000, 0, 5000000, 9),
(118, 55894034, 10, 3, '', 'August', 1020000000, 80000000, 60000000, 140000000, 9),
(119, 55894034, 10, 43, '', 'August', 300000000, 25000000, 0, 25000000, 9),
(120, 55894034, 10, 17, '', 'October', 720000000, 60000000, 0, 60000000, 9),
(121, 55894034, 10, 140, '', 'November', 1000000000, 0, 1000000000, 1000000000, 9),
(122, 2915237, 10, 35, '', 'May', 861060000, 247200000, 6600000, 253800000, 9),
(123, 2915237, 10, 142, '', 'August', 1134000000, 87000000, 90000000, 177000000, 9),
(124, 2915237, 10, 23, '', 'August', 350000000, 25000000, 50000000, 75000000, 9),
(125, 2915237, 10, 43, '', 'August', 300000000, 25000000, 0, 25000000, 9),
(126, 2915237, 10, 46, '', 'September', 1200000000, 100000000, 0, 100000000, 9),
(127, 2915237, 10, 55, '', 'August', 380000000, 30000000, 20000000, 50000000, 9),
(128, 2915237, 10, 140, '', 'November', 1000000000, 0, 1000000000, 1000000000, 9),
(129, 2916804, 10, 43, '', 'August', 300000000, 25000000, 0, 25000000, 9),
(130, 2916804, 10, 23, '', 'August', 350000000, 25000000, 50000000, 75000000, 9),
(131, 2916804, 10, 140, '', 'November', 1000000000, 0, 1000000000, 1000000000, 9),
(132, 2914243, 10, 146, '', 'May', 60000000, 15000000, 0, 15000000, 9),
(133, 2914243, 10, 82, '', 'May', 1355000000, 56250000, 5000000, 61250000, 9),
(134, 2914243, 10, 123, '', 'April', 840000000, 70000000, 0, 70000000, 9),
(135, 2914243, 10, 31, '', 'July', 1800000000, 150000000, 0, 150000000, 9),
(136, 2914243, 10, 88, '', 'May', 65000000, 5000000, 5000000, 10000000, 9),
(137, 2914243, 10, 43, '', 'August', 300000000, 25000000, 0, 25000000, 9),
(138, 2914243, 10, 12, '', 'August', 5000000000, 0, 5000000000, 5000000000, 9),
(139, 2914243, 10, 4, '', 'September', 765000000, 60000000, 45000000, 105000000, 9),
(140, 2914243, 10, 23, '', 'August', 350000000, 25000000, 50000000, 75000000, 9),
(141, 2914243, 10, 89, '', 'September', 4500000000, 375000000, 0, 375000000, 9),
(142, 2910037, 10, 43, '', 'August', 300000000, 25000000, 0, 25000000, 9),
(143, 2910037, 10, 23, '', 'August', 350000000, 25000000, 50000000, 75000000, 9),
(144, 4709723, 10, 142, '', 'March', 755559360, 30356640, 27000000, 57356640, 9),
(145, 4709723, 10, 142, '', 'April', 503706240, 20237760, 18000000, 38237760, 9),
(146, 4709723, 10, 122, '', 'May', 13200000, 1100000, 0, 1100000, 9),
(147, 4709723, 10, 36, '', 'June', 300000000, 25000000, 0, 25000000, 9),
(148, 4709723, 10, 140, '', 'November', 1000000000, 0, 1000000000, 1000000000, 9),
(149, 5590639, 10, 43, '', 'August', 300000000, 25000000, 0, 25000000, 9),
(150, 5590639, 10, 12, '', 'August', 5000000000, 0, 5000000000, 5000000000, 9),
(151, 5590639, 10, 17, '', 'August', 1200000000, 100000000, 0, 100000000, 9),
(152, 5590639, 10, 8, '', 'July', 300000000, 0, 300000000, 300000000, 9),
(153, 5590639, 10, 140, '', 'November', 1000000000, 0, 1000000000, 1000000000, 9),
(154, 4709723, 10, 35, '', 'July', 150000000, 12500000, 0, 12500000, 9),
(155, 4709723, 10, 43, '', 'August', 300000000, 25000000, 0, 25000000, 9),
(156, 4709723, 10, 140, '', 'November', 1000000000, 0, 1000000000, 1000000000, 9),
(157, 2917169, 4, 38, '', 'June', 7000000, 0, 7000000, 7000000, 9),
(158, 2917169, 4, 87, '', 'July', 725000000, 60000000, 5000000, 65000000, 9),
(159, 3137851, 4, 73, '', 'August', 6869000000, 567000000, 65000000, 632000000, 9),
(160, 2914111, 4, 73, '', 'June', 4034000000, 330750000, 65000000, 395750000, 9),
(161, 2914587, 4, 73, '', 'June', 2900000000, 236250000, 65000000, 301250000, 9),
(162, 2917169, 4, 73, '', 'September', 5735000000, 472500000, 65000000, 537500000, 9),
(163, 2914111, 4, 77, '', 'August', 1440000000, 120000000, 0, 120000000, 9),
(164, 3137851, 4, 77, '', 'August', 72000000, 6000000, 0, 6000000, 9),
(165, 2914111, 4, 31, '', 'May', 900000000, 75000000, 0, 75000000, 9),
(166, 2914587, 4, 31, '', 'June', 150000000, 12500000, 0, 12500000, 9),
(167, 2917169, 4, 31, '', 'June', 150000000, 12500000, 0, 12500000, 9),
(168, 2914111, 4, 122, '', 'June', 2640000000, 220000000, 0, 220000000, 9),
(169, 3137851, 4, 122, '', 'July', 2640000000, 220000000, 0, 220000000, 9),
(170, 2917169, 4, 122, '', 'July', 2640000000, 220000000, 0, 220000000, 9),
(171, 2914587, 4, 22, '', 'October', 5400000000, 450000000, 0, 450000000, 9),
(172, 55894030, 4, 27, '', 'April', 690000000, 53000000, 54000000, 107000000, 9),
(173, 2914111, 4, 27, '', 'May', 1925000000, 150000000, 125000000, 275000000, 9),
(174, 2914111, 4, 1, '', 'July', 1200000000, 100000000, 0, 100000000, 9),
(175, 3137851, 4, 1, '', 'July', 1200000000, 100000000, 0, 100000000, 9),
(176, 2917169, 4, 1, '', 'July', 1200000000, 100000000, 0, 100000000, 9),
(177, 3137851, 4, 72, '', 'December', 3600000000, 300000000, 0, 300000000, 9),
(178, 2914111, 4, 43, '', 'October', 4800000000, 400000000, 0, 400000000, 9),
(179, 3137851, 4, 43, '', 'October', 4800000000, 400000000, 0, 400000000, 9),
(180, 2917169, 4, 43, '', 'October', 4800000000, 400000000, 0, 400000000, 9),
(181, 2914111, 4, 28, '', 'October', 2400000000, 200000000, 0, 200000000, 9),
(182, 55894030, 4, 28, '', 'October', 1200000000, 100000000, 0, 100000000, 9),
(183, 2914111, 4, 92, '', 'August', 750000000, 62500000, 0, 62500000, 9),
(184, 55894030, 4, 31, '', 'June', 150000000, 12500000, 0, 12500000, 9),
(185, 55894030, 4, 118, '', 'October', 600000000, 50000000, 0, 50000000, 9),
(186, 2912802, 1, 76, '', 'August', 200000000, 800000000, 0, 800000000, 9),
(187, 2912802, 1, 57, '', 'July', 50000000, 250000000, 0, 250000000, 9),
(188, 2912802, 1, 123, '', 'May', 200000000, 1400000000, 0, 1400000000, 9),
(189, 2912802, 1, 13, '', 'June', 0, 0, 300000000, 300000000, 9),
(190, 2912802, 1, 9, '', 'March', 4000000, 36000000, 0, 36000000, 9),
(191, 2912802, 1, 17, '', 'May', 100000000, 700000000, 0, 700000000, 9),
(192, 2912802, 1, 43, '', 'June', 0, 0, 2400000000, 2400000000, 9),
(193, 2912802, 1, 85, '', 'June', 262500000, 1575000000, 0, 1575000000, 9),
(194, 2912802, 1, 142, '', 'April', 100000000, 800000000, 0, 800000000, 9),
(195, 2912802, 1, 31, '', 'April', 100000000, 800000000, 0, 800000000, 9),
(196, 5592934, 1, 76, '', 'August', 150000000, 600000000, 0, 600000000, 9),
(197, 5592934, 1, 57, '', 'July', 50000000, 250000000, 0, 250000000, 9),
(198, 5592934, 1, 123, '', 'May', 50000000, 350000000, 0, 350000000, 9),
(199, 5592934, 1, 13, '', 'June', 0, 0, 300000000, 300000000, 9),
(200, 5592934, 1, 9, '', 'March', 4000000, 36000000, 0, 36000000, 9),
(201, 5592934, 1, 78, '', 'May', 100000000, 700000000, 0, 700000000, 9),
(202, 5592934, 1, 43, '', 'June', 0, 0, 2400000000, 2400000000, 9),
(203, 5592934, 1, 85, '', 'June', 0, 0, 1125000000, 1125000000, 9),
(204, 5592934, 1, 142, '', 'April', 118000000, 944000000, 0, 944000000, 9),
(205, 2914616, 1, 43, '', 'April', 0, 0, 1200000000, 1200000000, 9),
(206, 2914616, 1, 131, '', 'April', 110000000, 880000000, 220000000, 1100000000, 9),
(207, 2914616, 1, 142, '', 'April', 125000000, 1000000000, 110000000, 1110000000, 9),
(208, 2914616, 1, 31, '', 'April', 5000000, 40000000, 0, 40000000, 9),
(209, 3014093, 1, 142, '', 'March', 40000000, 360000000, 25000000, 385000000, 9),
(210, 3014093, 1, 30, '', 'April', 0, 0, 850000000, 850000000, 9),
(211, 3014093, 1, 31, '', 'December', 120000000, 120000000, 0, 120000000, 9),
(212, 3014093, 1, 43, '', 'June', 0, 0, 2400000000, 2400000000, 9),
(213, 3014093, 1, 49, '', 'June', 51000000, 306000000, 2400000000, 2706000000, 9),
(214, 5591187, 1, 43, '', 'March', 0, 0, 600000000, 600000000, 9),
(215, 5591187, 1, 142, '', 'March', 28000000, 168000000, 17500000, 185500000, 9),
(216, 5591187, 1, 123, '', 'March', 0, 0, 198000000, 198000000, 9),
(217, 3061282, 9, 76, '', 'October', 800000000, 400000000, 0, 400000000, 9),
(218, 3061282, 9, 5, '', 'August', 2000000000, 500000000, 0, 500000000, 9),
(219, 3061282, 9, 123, '', 'May', 350000000, 50000000, 0, 50000000, 9),
(220, 3061282, 9, 121, '', 'March', 900000000, 100000000, 0, 100000000, 9),
(221, 3061282, 9, 9, '', 'March', 36000000, 4000000, 0, 4000000, 9),
(222, 3061282, 9, 129, '', 'March', 291600000, 32400000, 0, 32400000, 9),
(223, 3061282, 9, 148, '', 'June', 300000000, 50000000, 0, 50000000, 9),
(224, 3061282, 9, 85, '', 'June', 3150000000, 525000000, 0, 525000000, 9),
(225, 3061282, 9, 142, '', 'June', 600000000, 100000000, 0, 100000000, 9),
(226, 55894029, 9, 140, '', 'April', 300000000, 0, 300000000, 300000000, 9),
(227, 55894029, 9, 56, '', 'October', 2000000000, 0, 2000000000, 2000000000, 9),
(228, 55894029, 9, 36, '', 'September', 4000000000, 0, 4000000000, 4000000000, 9),
(229, 3059832, 9, 142, '', 'March', 1350000000, 150000000, 0, 150000000, 9),
(230, 5589910, 9, 140, '', 'April', 300000000, 0, 300000000, 300000000, 9),
(231, 3059832, 9, 142, '', 'March', 1350000000, 150000000, 0, 150000000, 9),
(232, 3059832, 9, 96, '', 'April', 128000000, 16000000, 0, 16000000, 9),
(233, 3059832, 9, 53, '', 'March', 90000000, 10000000, 0, 10000000, 9),
(234, 3059832, 9, 53, '', 'April', 224000000, 28000000, 0, 28000000, 9),
(235, 3204440, 9, 11, '', 'March', 6000000000, 0, 6000000000, 6000000000, 9),
(236, 3204440, 9, 142, '', 'November', 180000000, 180000000, 57000000, 237000000, 9),
(237, 3204440, 9, 58, '', 'November', 1105000000, 0, 1105000000, 1105000000, 9),
(238, 5590328, 9, 148, '', 'April', 20000000, 0, 20000000, 20000000, 9),
(239, 5590442, 9, 123, '', 'June', 40000000, 0, 40000000, 40000000, 9),
(240, 5590442, 9, 36, '', 'September', 4000000000, 0, 4000000000, 4000000000, 9),
(241, 2916299, 7, 122, '', 'September', 400000000, 100000000, 0, 100000000, 9),
(242, 2916299, 7, 135, '', 'August', 375000000, 75000000, 0, 75000000, 9),
(243, 2916299, 7, 100, '', 'August', 750000000, 150000000, 0, 150000000, 9),
(244, 2916299, 7, 147, '', 'August', 300000000, 0, 300000000, 300000000, 9),
(245, 2916299, 7, 95, '', 'November', 5000000000, 0, 5000000000, 5000000000, 9),
(246, 2916299, 7, 43, '', 'November', 600000000, 300000000, 0, 300000000, 9),
(247, 2916299, 7, 83, '', 'October', 390000000, 130000000, 0, 130000000, 9),
(248, 2916299, 7, 138, '', '', 7000000000, 0, 7000000000, 7000000000, 9),
(249, 2916299, 7, 48, '', 'July', 300000000, 50000000, 0, 50000000, 9),
(250, 3150709, 7, 102, '', 'May', 200000000, 25000000, 0, 25000000, 9),
(251, 3150709, 7, 102, '', 'July', 150000000, 25000000, 0, 25000000, 9),
(252, 3150709, 7, 79, '', 'September', 400000000, 100000000, 0, 100000000, 9),
(253, 3150709, 7, 11, '', 'November', 5000000000, 0, 5000000000, 5000000000, 9),
(254, 4709270, 7, 68, '', 'May', 3800000000, 450000000, 200000000, 650000000, 9),
(255, 4709270, 7, 7, '', 'November', 250000000, 50000000, 150000000, 200000000, 9),
(256, 4709270, 7, 140, '', 'December', 200000000, 0, 200000000, 200000000, 9),
(257, 5588713, 7, 147, '', 'July', 60000000, 10000000, 0, 10000000, 9),
(258, 3013819, 7, 20, '', 'June', 845000000, 120000000, 5000000, 125000000, 9),
(259, 3013819, 7, 62, '', 'October', 300000000, 100000000, 0, 100000000, 9),
(260, 5587561, 7, 142, '', 'March', 270000000, 0, 270000000, 270000000, 9),
(261, 5587561, 7, 44, '', 'December', 4300000000, 0, 4300000000, 4300000000, 9),
(262, 5587561, 7, 22, '', 'August', 150000000, 150000000, 0, 150000000, 9),
(263, 2955654, 7, 32, '', 'May', 800000000, 100000000, 0, 100000000, 9),
(264, 5584534, 7, 2, '', 'July', 522000000, 84000000, 18000000, 102000000, 9),
(265, 55894027, 7, 91, '', 'June', 875000000, 125000000, 0, 125000000, 9),
(266, 4708005, 7, 80, '', '', 120000000, 0, 120000000, 120000000, 9),
(267, 3938193, 8, 21, '', 'June', 4600000000, 0, 4600000000, 4600000000, 9),
(268, 3938193, 8, 21, '', 'September', 4600000000, 0, 4600000000, 4600000000, 9),
(269, 3938193, 8, 21, '', 'December', 4600000000, 0, 4600000000, 4600000000, 9),
(270, 3938193, 8, 105, '', '', 0, 0, 0, 0, 9),
(271, 3938193, 8, 25, '', '', 0, 0, 0, 0, 9),
(272, 3938193, 8, 94, '', 'July', 1450000000, 0, 1450000000, 1450000000, 9),
(273, 3938193, 8, 94, '', 'September', 1450000000, 0, 1450000000, 1450000000, 9),
(274, 3938193, 8, 86, '', 'July', 7500000000, 0, 7500000000, 7500000000, 9),
(275, 3938193, 8, 86, '', 'October', 7500000000, 0, 7500000000, 7500000000, 9),
(276, 3938193, 8, 51, '', 'June', 1500000000, 0, 1500000000, 1500000000, 9),
(277, 3938193, 8, 54, '', '', 0, 0, 0, 0, 9),
(278, 3929251, 8, 145, '', 'June', 10850000000, 0, 10850000000, 10850000000, 9),
(279, 3929251, 8, 145, '', 'September', 10850000000, 0, 10850000000, 10850000000, 9),
(280, 2914089, 11, 81, '', 'June', 1800000000, 300000000, 0, 300000000, 9),
(281, 2914089, 11, 123, '', 'July', 900000000, 180000000, 0, 180000000, 9),
(282, 2914089, 11, 134, '', 'July', 3960000000, 660000000, 0, 660000000, 9),
(283, 2914089, 11, 17, '', 'July', 450000000, 75000000, 0, 75000000, 9),
(284, 2914089, 11, 66, '', 'May', 128000000, 15000000, 23000000, 38000000, 9),
(285, 2914089, 11, 102, '', 'August', 3380000000, 720000000, 500000000, 1220000000, 9),
(286, 2914089, 11, 43, '', 'August', 400000000, 100000000, 0, 100000000, 9),
(287, 5587876, 11, 14, '', 'June', 525000000, 75000000, 75000000, 150000000, 9),
(288, 5587876, 11, 43, '', 'August', 400000000, 100000000, 0, 100000000, 9),
(289, 55894035, 11, 128, '', 'July', 40000000, 8000000, 0, 8000000, 9),
(290, 55894035, 11, 43, '', 'August', 400000000, 100000000, 0, 100000000, 13),
(291, 2912193, 11, 43, '', 'July', 375000000, 75000000, 0, 75000000, 13),
(292, 5588442, 11, 123, '', 'July', 750000000, 150000000, 0, 150000000, 13),
(293, 5588442, 11, 17, '', 'July', 450000000, 75000000, 0, 75000000, 7),
(294, 5588442, 11, 43, '', 'July', 375000000, 75000000, 0, 75000000, 9),
(295, 5588442, 11, 84, '', 'June', 675000000, 112500000, 0, 112500000, 9),
(296, 2912953, 11, 123, '', 'July', 750000000, 150000000, 0, 150000000, 9),
(297, 2912953, 11, 17, '', 'July', 360000000, 60000000, 0, 60000000, 9),
(298, 2912953, 11, 43, '', 'July', 375000000, 75000000, 0, 75000000, 9),
(299, 2912953, 11, 84, '', 'June', 900000000, 150000000, 0, 150000000, 9),
(300, 5590656, 11, 123, '', 'July', 900000000, 180000000, 0, 180000000, 9),
(301, 5590656, 11, 17, '', 'July', 450000000, 75000000, 0, 75000000, 9),
(302, 5590656, 11, 102, '', 'July', 1350000000, 240000000, 150000000, 390000000, 9),
(303, 5590656, 11, 43, '', 'August', 400000000, 100000000, 0, 100000000, 9),
(304, 5590656, 11, 145, '', 'August', 1520000000, 15000000, 20000000, 35000000, 9),
(305, 5590355, 11, 123, '', 'July', 800000000, 160000000, 0, 160000000, 9),
(306, 5590355, 11, 17, '', 'July', 450000000, 75000000, 0, 75000000, 9),
(307, 5590355, 11, 43, '', 'August', 400000000, 100000000, 0, 100000000, 9),
(308, 5590355, 11, 149, '', 'September', 1995000000, 540000000, 375000000, 915000000, 9),
(309, 2917113, 11, 123, '', 'July', 800000000, 160000000, 0, 160000000, 9),
(310, 2917113, 11, 17, '', 'July', 270000000, 45000000, 0, 45000000, 9),
(311, 2917113, 11, 43, '', 'August', 300000000, 75000000, 0, 75000000, 9),
(312, 2917113, 11, 102, '', 'September', 435000000, 120000000, 75000000, 195000000, 9),
(313, 2917113, 11, 46, '', 'July', 960000000, 150000000, 60000000, 210000000, 9),
(314, 2964288, 12, 97, '', 'May', 5400000000, 450000000, 0, 450000000, 9),
(315, 2964288, 12, 116, '', 'April', 4000000000, 0, 4000000000, 4000000000, 9),
(316, 2964288, 12, 123, '', 'April', 1440000000, 0, 1440000000, 1440000000, 9),
(317, 2964288, 12, 65, '', 'May', 22000000, 0, 22000000, 22000000, 9),
(318, 2964288, 12, 111, '', 'May', 330000000, 0, 330000000, 330000000, 9),
(319, 2964288, 12, 44, '', 'July', 3020000000, 250000000, 20000000, 270000000, 9),
(320, 2964288, 12, 133, '', 'September', 26334000000, 2079000000, 1386000000, 3465000000, 9),
(321, 2964288, 12, 114, '', 'July', 850000000, 62500000, 100000000, 162500000, 9),
(322, 2964288, 12, 22, '', 'August', 30000000000, 2500000000, 0, 2500000000, 9),
(323, 5583629, 12, 102, '', 'May', 721500000, 57000000, 37500000, 94500000, 9),
(324, 5583629, 12, 34, '', 'May', 360000000, 30000000, 0, 30000000, 9),
(325, 55894032, 12, 107, '', 'June', 18000000000, 1500000000, 0, 1500000000, 9),
(326, 55894032, 12, 134, '', 'April', 216000000, 18000000, 0, 18000000, 9),
(327, 55894032, 12, 113, '', 'April', 302500000, 25000000, 2500000, 27500000, 9),
(328, 55894032, 12, 147, '', 'April', 30000000, 2500000, 0, 2500000, 9),
(329, 4709873, 12, 76, '', 'April', 1800000000, 150000000, 0, 150000000, 9),
(330, 4709873, 12, 34, '', 'June', 960000000, 80000000, 0, 80000000, 9),
(331, 4709873, 12, 122, '', 'July', 2640000000, 220000000, 0, 220000000, 9),
(332, 4444464, 12, 140, '', 'June', 250000000, 0, 250000000, 250000000, 9),
(333, 4444464, 12, 44, '', 'July', 3000000000, 250000000, 0, 250000000, 9),
(334, 5587425, 12, 102, '', 'April', 235900000, 18200000, 17500000, 35700000, 9),
(335, 5587425, 12, 122, '', 'May', 2640000000, 220000000, 0, 220000000, 9),
(336, 5586843, 25, 16, '', 'March', 290000000, 22500000, 20000000, 42500000, 9),
(337, 5586843, 25, 16, '', 'June', 290000000, 22500000, 20000000, 42500000, 9),
(338, 5586843, 25, 74, '', 'June', 203176000, 16598000, 4000000, 20598000, 9),
(339, 5586843, 25, 75, '', 'March', 34808000, 2734000, 2000000, 4734000, 9),
(340, 5586843, 25, 71, '', 'June', 936000000, 78000000, 0, 78000000, 9),
(341, 5586843, 25, 141, '', 'March', 3107000000, 3107000000, 0, 3107000000, 9),
(342, 5586843, 25, 70, '', 'March', 1693000000, 1693000000, 0, 1693000000, 9),
(343, 5586843, 25, 147, '', 'April', 120000000, 10000000, 0, 10000000, 9),
(344, 5586843, 25, 16, '', 'March', 54000000, 4000000, 6000000, 10000000, 9),
(345, 5586843, 25, 16, '', 'June', 54000000, 4000000, 6000000, 10000000, 9),
(346, 5591000, 25, 16, '', 'March', 54000000, 4000000, 6000000, 10000000, 9),
(347, 5591000, 25, 16, '', 'June', 54000000, 4000000, 6000000, 10000000, 9),
(348, 5591000, 25, 147, '', 'April', 84000000, 7000000, 0, 7000000, 9),
(349, 5591000, 25, 16, '', 'March', 348080000, 27340000, 20000000, 47340000, 9),
(350, 5591000, 25, 16, '', 'June', 348080000, 27340000, 20000000, 47340000, 9),
(351, 5591000, 25, 135, '', 'March', 30012000, 2501000, 0, 2501000, 9),
(352, 5591000, 25, 108, '', 'June', 250000000, 41666667, 0, 41666667, 9),
(353, 3929563, 32, 17, '', 'April', 605695200, 50474600, 0, 50474600, 9),
(354, 3929563, 32, 132, '', 'May', 104544000, 396000, 0, 396000, 9),
(355, 3929563, 32, 123, '', 'March', 5400000, 600000, 0, 600000, 9),
(356, 3929563, 32, 123, '', 'June', 3600000, 600000, 0, 600000, 9),
(357, 3929563, 32, 37, '', 'April', 3000000000, 0, 3000000000, 3000000000, 9),
(358, 3929563, 32, 63, '', 'April', 2000000000, 0, 2000000000, 2000000000, 9),
(359, 3929563, 32, 142, '', 'March', 120000000, 20000000, 7500000, 27500000, 9),
(360, 3929563, 32, 142, '', 'March', 220000000, 20000000, 15000000, 35000000, 9),
(361, 3929563, 32, 142, '', 'March', 200000000, 20000000, 15000000, 35000000, 9),
(362, 3929563, 32, 142, '', 'April', 180000000, 20000000, 15000000, 35000000, 9),
(363, 3929563, 32, 142, '', 'May', 160000000, 20000000, 15000000, 35000000, 9),
(364, 3929563, 32, 142, '', 'June', 140000000, 20000000, 15000000, 35000000, 9),
(365, 3929563, 32, 142, '', 'July', 120000000, 20000000, 15000000, 35000000, 9),
(366, 3929563, 32, 142, '', 'August', 100000000, 20000000, 15000000, 35000000, 9),
(367, 3929563, 32, 142, '', 'September', 80000000, 20000000, 15000000, 35000000, 9),
(368, 3929563, 32, 142, '', 'October', 60000000, 20000000, 15000000, 35000000, 9),
(369, 3929563, 32, 142, '', 'November', 20000000, 10000000, 7500000, 17500000, 9),
(370, 3929563, 32, 142, '', 'December', 10000000, 10000000, 7500000, 17500000, 9),
(371, 3929563, 32, 143, '', 'March', 151200000, 16800000, 16000000, 32800000, 9),
(372, 3929563, 32, 143, '', 'April', 134400000, 16800000, 16000000, 32800000, 9),
(373, 3929563, 32, 143, '', 'June', 117600000, 16800000, 16000000, 32800000, 9),
(374, 3929563, 32, 143, '', 'August', 1596000000, 16800000, 16000000, 32800000, 9),
(375, 3929563, 32, 143, '', 'October', 50400000, 16800000, 16000000, 32800000, 9),
(376, 3929563, 32, 143, '', 'December', 16800000, 16800000, 16000000, 32800000, 9),
(377, 3929563, 32, 142, '', 'April', 64000000, 8000000, 11250000, 19250000, 9),
(378, 3929563, 32, 142, '', 'July', 28800000, 8000000, 11250000, 19250000, 9),
(379, 3929563, 32, 142, '', 'October', 24000000, 8000000, 11250000, 19250000, 9),
(380, 3929563, 32, 142, '', 'June', 57000000, 9500000, 11250000, 20750000, 9),
(381, 3929563, 32, 142, '', 'August', 47500000, 9500000, 11250000, 20750000, 9),
(382, 3929563, 32, 142, '', 'April', 64800000, 7200000, 11250000, 18450000, 9),
(383, 3929563, 32, 142, '', 'June', 50400000, 7200000, 11250000, 18450000, 9),
(384, 3929563, 32, 142, '', 'August', 40000000, 8000000, 11250000, 19250000, 9),
(385, 3929563, 32, 142, '', 'October', 28500000, 9500000, 11250000, 20750000, 9),
(386, 3929563, 32, 109, '', 'May', 140000000, 20000000, 35000000, 55000000, 9),
(387, 3929563, 32, 127, '', 'May', 82250000, 11750000, 3750000, 15500000, 9),
(388, 3559759, 32, 142, '', 'May', 336000000, 52800000, 67500000, 120300000, 9),
(389, 3559759, 32, 127, '', 'April', 63450000, 7050000, 2250000, 9300000, 9),
(390, 5569106, 36, 142, '', 'April', 831000000, 63000000, 75000000, 138000000, 9),
(391, 5569106, 36, 139, '', 'June', 336000000, 28000000, 0, 28000000, 9),
(392, 5569106, 36, 14, '', 'April', 242500000, 20000000, 2500000, 22500000, 9),
(393, 5569106, 36, 106, '', 'May', 400000000, 0, 400000000, 400000000, 9),
(394, 5569106, 36, 144, '', 'June', 332000000, 21000000, 80000000, 101000000, 9),
(395, 5569641, 29, 101, '', 'March', 264000000, 22000000, 0, 22000000, 9),
(396, 5569641, 29, 14, '', 'March', 120100000, 9800000, 2500000, 12300000, 9),
(397, 5569641, 29, 14, '', 'June', 0, 35681000, 2500000, 38181000, 9),
(398, 5569641, 29, 127, '', 'April', 158400000, 13200000, 0, 13200000, 9),
(399, 5569641, 29, 36, '', 'May', 96000000, 8000000, 0, 8000000, 9),
(400, 5569641, 29, 43, '', 'June', 90000000, 7500000, 0, 7500000, 9),
(401, 5569641, 29, 142, '', 'June', 487500000, 37500000, 37500000, 75000000, 9),
(402, 2916839, 16, 93, '', 'July', 3600000000, 720000000, 0, 720000000, 9),
(403, 2916839, 16, 61, '', 'July', 1380000000, 240000000, 270000000, 510000000, 9),
(404, 2916839, 16, 98, '', 'March', 1353600000, 158400000, 162000000, 320400000, 9),
(405, 2916839, 16, 147, '', 'July', 840000000, 240000000, 0, 240000000, 9),
(406, 2916839, 16, 99, '', 'July', 360000000, 60000000, 0, 60000000, 9),
(407, 2916839, 16, 45, '', 'July', 310000000, 50000000, 10000000, 60000000, 9),
(408, 2916839, 16, 34, '', 'July', 150000000, 25000000, 0, 25000000, 9),
(409, 2916839, 16, 118, '', 'April', 560000000, 70000000, 0, 70000000, 9),
(410, 2916839, 16, 19, '', 'March', 168000000, 14000000, 0, 14000000, 9),
(411, 2916796, 16, 137, '', 'July', 1400000000, 350000000, 0, 350000000, 9),
(412, 2916796, 16, 144, '', 'July', 361600000, 41800000, 190000000, 231800000, 9),
(413, 2916796, 16, 18, '', 'March', 348000000, 29000000, 0, 29000000, 9),
(414, 2916796, 16, 147, '', 'July', 300000000, 50000000, 0, 50000000, 10),
(1402, 5586912, 1, 2, '', 'October', 150000, 0, 20000, 0, 3),
(1403, 2912709, 1, 1, '', 'January', 1, 0, 1, 0, 11),
(1404, 2912709, 1, 1, '', 'January', 1, 0, 1, 0, 11),
(1405, 2912709, 13, 76, '', 'September', 5000000, 0, 4000000, 0, 7),
(1406, 5587301, 26, 8, '', 'August', 100000, 0, 200, 0, 9),
(1407, 2912709, 1, 1, '', 'September', 900, 0, 75, 0, 6),
(1408, 2912709, 1, 1, '', 'September', 900, 0, 75, 0, 6),
(1409, 2912709, 1, 1, '', 'September', 900, 0, 75, 0, 6),
(1410, 2912709, 1, 1, '', 'September', 900, 0, 75, 0, 6),
(1411, 2912709, 1, 1, '', 'September', 900, 0, 75, 0, 6),
(1412, 5586794, 4, 6, '', 'July', 8000, 0, 800, 0, 7),
(1413, 5586794, 4, 6, '', 'July', 8000, 0, 800, 0, 7),
(1414, 5586794, 4, 6, '', 'July', 8000, 0, 800, 0, 7),
(1415, 5586794, 4, 6, '', 'July', 8000, 0, 800, 0, 7),
(1416, 5590740, 12, 17, '', 'September', 3000, 0, 450, 0, 5),
(1417, 5590740, 12, 17, '', 'September', 3000, 0, 450, 0, 5),
(1418, 5590740, 12, 17, '', 'September', 3000, 0, 450, 0, 5),
(1419, 5590740, 12, 17, '', 'September', 3000, 0, 450, 0, 5),
(1420, 2912709, 27, 2, '', 'September', 5000, 0, 2000, 0, 11),
(1421, 2912709, 27, 2, '', 'September', 5000, 0, 2000, 0, 11),
(1422, 5586912, 38, 2, '', 'October', 8000, 6000, 2000, 0, 13),
(1423, 5586912, 38, 2, '', 'October', 8000, 6000, 2000, 0, 13),
(1424, 5586912, 38, 2, '', 'October', 8000, 6000, 2000, 0, 13),
(1425, 5586912, 38, 2, '', 'October', 8000, 6000, 2000, 0, 13),
(1426, 5586912, 38, 2, '', 'October', 8000, 6000, 2000, 0, 13),
(1427, 5586912, 38, 2, '', 'October', 8000, 6000, 2000, 0, 13),
(1428, 5586912, 38, 2, '', 'October', 8000, 6000, 2000, 0, 13),
(1429, 5586912, 38, 2, '', 'October', 8000, 6000, 2000, 0, 13),
(1430, 55894033, 4, 6, '', 'August', 1000000000, 500000000, 500000000, 0, 11),
(1431, 55894033, 4, 6, '', 'August', 1000000000, 500000000, 500000000, 0, 11),
(1432, 55894033, 4, 6, '', 'August', 1000000000, 500000000, 500000000, 0, 11),
(1433, 2000051, 4, 6, '', 'December', 100000000, 1000000000, 0, 0, 8),
(1434, 2000051, 4, 6, '', 'December', 100000000, 1000000000, 0, 0, 8),
(1435, 2000051, 4, 6, '', 'December', 100000000, 1000000000, 0, 0, 8),
(1436, 2000051, 4, 6, '', 'December', 100000000, 1000000000, 0, 0, 8),
(1437, 2000051, 4, 6, '', 'December', 100000000, 1000000000, 0, 0, 8),
(1438, 2000051, 4, 6, '', 'December', 100000000, 1000000000, 0, 0, 8),
(1439, 2000051, 4, 1, '', 'November', 1000000000, 1000000000, 0, 0, 11),
(1440, 2000051, 13, 3, '', 'November', 100000000, 1000000, 1000000, 0, 6),
(1441, 2916804, 15, 69, '', 'October', 1000, 1000, 1000, 0, 9),
(1442, 2916804, 15, 69, '', 'October', 1000, 1000, 1000, 0, 9),
(1443, 5586912, 14, 11, '', 'October', 9, 9, 9, 0, 12),
(1444, 2912709, 15, 2, '', 'September', 1, 1, 1, 0, 9),
(1445, 2000051, 14, 3, '', 'November', 88, 88, 12, 0, 3),
(1446, 2912709, 15, 2, '', 'September', 1, 1, 1, 0, 1),
(1447, 3204440, 39, 57, '', 'September', 11, 11, 11, 0, 11),
(1448, 5586912, 18, 4, '', 'November', 555, 55, 55, 0, 11),
(1449, 3204440, 5, 6, '', 'December', 20, 80, 80, 0, 4),
(1450, 3204440, 5, 6, '', 'December', 20, 80, 80, 0, 4),
(1451, 3204440, 5, 6, '', 'December', 20, 80, 80, 0, 4),
(1452, 3204440, 5, 6, '', 'December', 20, 80, 80, 0, 4),
(1453, 3204440, 5, 6, '', 'December', 20, 80, 80, 0, 4),
(1455, 3204440, 5, 6, '', 'December', 20, 80, 80, 0, 4),
(1456, 3204440, 5, 6, '', 'December', 20, 80, 80, 0, 4),
(1457, 55894027, 5, 3, '', 'August', 9, 9, 9, 0, 12),
(1458, 3204440, 1, 6, '', 'October', 1000, 1000, 1000, 0, 8),
(1459, 5586912, 15, 7, '', '12', 123000, 100, 200, 0, 7),
(1460, 5587301, 21, 17, '', '9', 100, 80, 20, 0, 1);

-- --------------------------------------------------------

--
-- Table structure for table `tb_pj_am`
--

CREATE TABLE IF NOT EXISTS `tb_pj_am` (
  `id_pj_am` int(11) NOT NULL,
  `name_pj_am` varchar(100) NOT NULL,
  `scaling_am` bigint(20) NOT NULL
) ENGINE=InnoDB AUTO_INCREMENT=40 DEFAULT CHARSET=latin1;

--
-- Dumping data for table `tb_pj_am`
--

INSERT INTO `tb_pj_am` (`id_pj_am`, `name_pj_am`, `scaling_am`) VALUES
(1, 'ABDUL CHOLIQ', 7658068148),
(2, 'PRIMA SETIAWAN', 9000000000),
(3, 'BARIA AKHMAD FIKRI/RIMA DIMIATI', 18000000001),
(4, 'BANGGUA SIBARANI/NADIA PRIMASARI', 9000000001),
(5, 'DJOKO SUHARTONO/HERU SAM SETIADJI', 10500000000),
(6, 'KURNIA WARAS TJAHJO/JOKO PADANG RAHINO', 10826659778),
(7, 'MULYADI, ST/ARISTYA MEGA PUTRANTO', 10308055576),
(8, 'NOPIHAR/ANDIKA PRATAMA PUTRA', 15439695119),
(9, 'PANDE GEDE/DEWI PUSPITASARI', 9000000000),
(10, 'ROHMAN ARDI SAKSANA/YENI SUPARTINI', 10771983462),
(11, 'WIJAYANTO/SURIADI', 9307717241),
(12, 'YOLANS PAPASI, MM./ASEP ABDUL DJAELANI', 12767917397),
(13, 'ADE NIRWANI', 315855575),
(14, 'ANDI SUSENA', 4967919629),
(15, 'ARFAN SUATAN', 1259930167),
(16, 'DADAN SYAMSUL BACHRO', 7626273285),
(17, 'DEWI PUSPITARINI', 999905766),
(18, 'DIMSON SITUMORANG', 1291781363),
(19, 'ERWIN ULONG NAINGGOLAN', 2523999735),
(20, 'EVI NOVIARNI', 1380182540),
(21, 'FENTJE HAPPY CORPUTTY', 351282792),
(22, 'FERRY FERDINAND YOHANNES MARKUS', 355987391),
(23, 'HAMIDONG ', 1368756952),
(24, 'HASAN BASRI', 0),
(25, 'HERI SUHARTONO', 1865259894),
(26, 'I NENGAH SULIARTA', 319373196),
(27, 'JANNUS TAMBUNAN', 241451341),
(28, 'JONI SUPRAPTO', 1382181358),
(29, 'MATIUS YUDITH SANTOSO', 711260627),
(30, 'MUHAMMAD NUR', 250743470),
(31, 'NUR DJANNAH', 1047482071),
(32, 'RACHMAT SETIAWAN', 5414558587),
(33, 'SODIKUN', 708879056),
(34, 'SURYONO HADI', 679722350),
(35, 'TAUFIK', 1593579900),
(36, 'TRI HERU UTOMO, ST', 1596696351),
(37, 'TRINIL ANJAR LESTARI, ST', 440287688),
(38, 'WELLSON PATRESIUS', 354474398),
(39, 'YUDIANTO', 299421781);

-- --------------------------------------------------------

--
-- Table structure for table `tb_project`
--

CREATE TABLE IF NOT EXISTS `tb_project` (
  `id_project` int(11) NOT NULL,
  `name_project` varchar(100) NOT NULL
) ENGINE=InnoDB AUTO_INCREMENT=150 DEFAULT CHARSET=latin1;

--
-- Dumping data for table `tb_project`
--

INSERT INTO `tb_project` (`id_project`, `name_project`) VALUES
(1, 'Access Point EDC'),
(2, 'Akuisisi connectivity'),
(3, 'Akuisisi Link Lintas Arta '),
(4, 'Akuisisi Link Sanatel'),
(5, 'akuisisi voice ceria'),
(6, 'Akuisisi XL'),
(7, 'Anggota Bursa'),
(8, 'Aplikasi DMS'),
(9, 'APN'),
(10, 'App Klaim KBM'),
(11, 'Arium Core Finance'),
(12, 'Arium Treasury'),
(13, 'Assesment Center'),
(14, 'ASTINET'),
(15, 'BPO Contact Center'),
(16, 'Cabang Baru'),
(17, 'Call Center'),
(18, 'Call Center BHS'),
(19, 'Call Center BJBS'),
(20, 'Call Center Telesales'),
(21, 'Call Center upgrade '),
(22, 'CCTV'),
(23, 'CDN'),
(24, 'Cloud'),
(25, 'Collocation '),
(26, 'Colocation DR'),
(27, 'Connectivity'),
(28, 'Contact Center'),
(29, 'CPE VMEET'),
(30, 'CRM'),
(31, 'CUG'),
(32, 'CUG Telkomsel'),
(33, 'CUG TELKOMSEL BHS'),
(34, 'CUG TELKOMSEL BJB'),
(35, 'CUG/M2M '),
(36, 'Data Center'),
(37, 'Data Warehouse'),
(38, 'DC'),
(39, 'Delima – Finnet'),
(40, 'Digital marketing'),
(41, 'Digital Signage '),
(42, 'DoH'),
(43, 'DOOH'),
(44, 'DRC'),
(45, 'DRC BJB'),
(46, 'DWDM'),
(47, 'EDC (mesin EDC) - PINS'),
(48, 'E-Learning'),
(49, 'Email '),
(50, 'EMS (Email Management Center)'),
(51, 'e-Office'),
(52, 'E-Payment Biller'),
(53, 'FWT'),
(54, 'GIS (Management Dashboard)'),
(55, 'Global link'),
(56, 'GPS Tracker'),
(57, 'GSM BOX'),
(58, 'Hardware'),
(59, 'IBS  - Mitratel'),
(60, 'Imeet  (Vicon) – Telin'),
(61, 'Integrasi CCTV BJB'),
(62, 'International Remmitance'),
(63, 'IP PBX'),
(64, 'IPS/IDS Core Switch'),
(65, 'ISDN 2'),
(66, 'ISDN PRA'),
(67, 'ISDN PRA (SIP Trunk)'),
(68, 'JTPM'),
(69, 'Kartu Telkomsel '),
(70, 'LAN/WAN Infrastructure'),
(71, 'Layanan Contact Center'),
(72, 'LBA Telkomsel'),
(73, 'LDS EDC'),
(74, 'Link DC - DRC'),
(75, 'Link '),
(76, 'M2M'),
(77, 'M2M ATM'),
(78, 'M2M BACKUP LINK'),
(79, 'M2M Collection dan Surveyor'),
(80, 'M2M AND CUG'),
(81, 'M2M untuk agent/ mobile sales'),
(82, 'M2M untuk Collection'),
(83, 'M2M untuk Mobile Application'),
(84, 'M2M untuk sales force'),
(85, 'Manage service gadget'),
(86, 'Manage Service Router'),
(87, 'Metro'),
(88, 'Metro-E'),
(89, 'M-Force'),
(90, 'Mobil Branch – GSD'),
(91, 'Mobile  Claim '),
(92, 'Mobile Force'),
(93, 'Mobile KAS & ATM BJB'),
(94, 'Mobile Office '),
(95, 'Mobile Outlet'),
(96, 'More For Less'),
(97, 'More for Less telesales'),
(98, 'MPLS'),
(99, 'Outbond Call Center BJB'),
(100, 'PABX Recording'),
(101, 'Umeet Me'),
(102, 'penambahan cabang baru'),
(103, 'Penambahan cabang'),
(104, 'Penambahan cabang VPN IP'),
(105, 'Pengadaan Perangkat DRC (Server, Storage , Network)'),
(106, 'Pengadaan Server Internet Banking'),
(107, 'Pengadaan Vicon'),
(108, 'Peningkatan Layanan Kredit'),
(109, 'POTS'),
(110, 'PRA LDS'),
(111, 'Project NAC'),
(112, 'Proxi Server '),
(113, 'PSB Astinet beda bandwidth '),
(114, 'PSB ATM dan Micro Finance 50 lokasi'),
(115, 'REDUNDANCE SERVER'),
(116, 'Rekon Billing'),
(117, 'Renovasi'),
(118, 'Seat management'),
(119, 'Sheat Call Centre'),
(120, 'SIP Trunk'),
(121, 'smart connection'),
(122, 'SMS Blast'),
(123, 'SMS Broadcast '),
(124, 'SMS Gateway'),
(125, 'SMS Bulk'),
(126, 'Solusi Merchant Acquiring'),
(127, 'SPEEDY'),
(128, 'Star Data Center'),
(129, 'telesales'),
(130, 'T-Money'),
(131, 'TRANSACTIONAL ACCESS'),
(132, 'UMeetMe'),
(133, 'Upgrade'),
(134, 'Upgrade VPN IP cabang '),
(135, 'Upgrade BW'),
(136, 'Upgrade DRC'),
(137, 'Upgrade MPLS BHS'),
(138, 'Upgrade Storage dan Data Center'),
(139, 'Upgrade VPN '),
(140, 'Video Conference'),
(141, 'Virtualisasi Server'),
(142, 'VPN IP '),
(143, 'VPN IP & VSAT'),
(144, 'VSAT'),
(145, 'WAN Optimizer'),
(146, 'Webdesign'),
(147, 'Wifi'),
(148, 'WiFi ID'),
(149, 'Winback link VPN IP');

-- --------------------------------------------------------

--
-- Table structure for table `tb_stat`
--

CREATE TABLE IF NOT EXISTS `tb_stat` (
  `id_stat` int(11) NOT NULL,
  `name_stat` varchar(100) NOT NULL
) ENGINE=InnoDB AUTO_INCREMENT=14 DEFAULT CHARSET=latin1;

--
-- Dumping data for table `tb_stat`
--

INSERT INTO `tb_stat` (`id_stat`, `name_stat`) VALUES
(1, 'Delivery'),
(2, 'Discuss'),
(3, 'In process'),
(4, 'Waiting Approval'),
(5, 'On Hand'),
(6, 'Potential'),
(7, 'Negotiation'),
(8, 'Proposal'),
(9, 'Prospect'),
(10, 'Submit quotation'),
(11, 'Tender'),
(12, 'Wacana'),
(13, 'KFS Process');

--
-- Indexes for dumped tables
--

--
-- Indexes for table `tb_cc`
--
ALTER TABLE `tb_cc`
  ADD PRIMARY KEY (`id_cc`);

--
-- Indexes for table `tb_lop`
--
ALTER TABLE `tb_lop`
  ADD PRIMARY KEY (`id_lop`), ADD KEY `id_cc` (`id_cc`), ADD KEY `id_project` (`id_project`), ADD KEY `id_pj_am` (`id_pj_am`), ADD KEY `id_stat` (`id_stat`);

--
-- Indexes for table `tb_pj_am`
--
ALTER TABLE `tb_pj_am`
  ADD PRIMARY KEY (`id_pj_am`);

--
-- Indexes for table `tb_project`
--
ALTER TABLE `tb_project`
  ADD PRIMARY KEY (`id_project`);

--
-- Indexes for table `tb_stat`
--
ALTER TABLE `tb_stat`
  ADD PRIMARY KEY (`id_stat`);

--
-- AUTO_INCREMENT for dumped tables
--

--
-- AUTO_INCREMENT for table `tb_lop`
--
ALTER TABLE `tb_lop`
  MODIFY `id_lop` int(11) NOT NULL AUTO_INCREMENT,AUTO_INCREMENT=1461;
--
-- AUTO_INCREMENT for table `tb_pj_am`
--
ALTER TABLE `tb_pj_am`
  MODIFY `id_pj_am` int(11) NOT NULL AUTO_INCREMENT,AUTO_INCREMENT=40;
--
-- AUTO_INCREMENT for table `tb_project`
--
ALTER TABLE `tb_project`
  MODIFY `id_project` int(11) NOT NULL AUTO_INCREMENT,AUTO_INCREMENT=150;
--
-- AUTO_INCREMENT for table `tb_stat`
--
ALTER TABLE `tb_stat`
  MODIFY `id_stat` int(11) NOT NULL AUTO_INCREMENT,AUTO_INCREMENT=14;
--
-- Constraints for dumped tables
--

--
-- Constraints for table `tb_lop`
--
ALTER TABLE `tb_lop`
ADD CONSTRAINT `tb_lop_ibfk_1` FOREIGN KEY (`id_stat`) REFERENCES `tb_stat` (`id_stat`) ON DELETE CASCADE ON UPDATE CASCADE,
ADD CONSTRAINT `tb_lop_ibfk_2` FOREIGN KEY (`id_cc`) REFERENCES `tb_cc` (`id_cc`) ON DELETE CASCADE ON UPDATE CASCADE,
ADD CONSTRAINT `tb_lop_ibfk_3` FOREIGN KEY (`id_project`) REFERENCES `tb_project` (`id_project`) ON DELETE CASCADE ON UPDATE CASCADE,
ADD CONSTRAINT `tb_lop_ibfk_4` FOREIGN KEY (`id_pj_am`) REFERENCES `tb_pj_am` (`id_pj_am`) ON DELETE CASCADE ON UPDATE CASCADE;

/*!40101 SET CHARACTER_SET_CLIENT=@OLD_CHARACTER_SET_CLIENT */;
/*!40101 SET CHARACTER_SET_RESULTS=@OLD_CHARACTER_SET_RESULTS */;
/*!40101 SET COLLATION_CONNECTION=@OLD_COLLATION_CONNECTION */;
